/index.html /
/permanent/Richard-Feynman-and-writing/index.{html} /permanent/Richard-Feynman-and-writing/
/projects/youtube/401k/index.{html} /projects/youtube/401k/
/Readwise/Books/The-War-of-Art/index.{html} /Readwise/Books/The-War-of-Art/
/permanent/overcoming-existential-overwhelm/index.{html} /permanent/overcoming-existential-overwhelm/
/Readwise/Articles/It-took-me-4-years-to-write-my-1st-book/index.{html} /Readwise/Articles/It-took-me-4-years-to-write-my-1st-book/
/Readwise/Books/Never-Finished/index.{html} /Readwise/Books/Never-Finished/
/permanent/create-for-one-hour-each-day/index.{html} /permanent/create-for-one-hour-each-day/
/permanent/how-to-find-your-profitable-niche/index.{html} /permanent/how-to-find-your-profitable-niche/
/permanent/power-match-versus-conjugate-match/index.{html} /permanent/power-match-versus-conjugate-match/
/permanent/using-zettelkasten-for-music-composition/index.{html} /permanent/using-zettelkasten-for-music-composition/
/read-it-later/Frictionless-Creativity/index.{html} /read-it-later/Frictionless-Creativity/
/Readwise/Tweets/Tweets-From-Dickie-Bush/index.{html} /Readwise/Tweets/Tweets-From-Dickie-Bush/
/permanent/The-Parable-of-the-Thanksgiving-Turkey/index.{html} /permanent/The-Parable-of-the-Thanksgiving-Turkey/
/permanent/attention-residue/index.{html} /permanent/attention-residue/
/permanent/writing-makes-you-a-10x-engineer/index.{html} /permanent/writing-makes-you-a-10x-engineer/
/Readwise/Books/Four-Thousand-Weeks/index.{html} /Readwise/Books/Four-Thousand-Weeks/
/Readwise/Tweets/Tweets-From-Matt-Ragland/index.{html} /Readwise/Tweets/Tweets-From-Matt-Ragland/
/permanent/drawing-a-balance-between-individual-and-communal-time/index.{html} /permanent/drawing-a-balance-between-individual-and-communal-time/
/permanent/the-time-billionaire/index.{html} /permanent/the-time-billionaire/
/projects/writing/short-form/loudest-voice-in-the-room/index.{html} /projects/writing/short-form/loudest-voice-in-the-room/
/read-it-later/Turning-music-into-a-chore-is-how-I-became-a-musician/index.{html} /read-it-later/Turning-music-into-a-chore-is-how-I-became-a-musician/
/Readwise/Articles/-Kim-Ks-Court/index.{html} /Readwise/Articles/-Kim-Ks-Court/
/Readwise/Tweets/The-Simplest-Way-to-Attr.../index.{html} /Readwise/Tweets/The-Simplest-Way-to-Attr.../
/Readwise/Tweets/Tweets-From-Marc-Randolph/index.{html} /Readwise/Tweets/Tweets-From-Marc-Randolph/
/literature/P-Protocol-and-Tools-to-Optimize-Physical-Health/index.{html} /literature/P-Protocol-and-Tools-to-Optimize-Physical-Health/
/literature/P-Resistance-Training-Patrick/index.{html} /literature/P-Resistance-Training-Patrick/
/permanent/Loadline-match-can-deliver-more-output-power/index.{html} /permanent/Loadline-match-can-deliver-more-output-power/
/read-it-later/How-To-Cultivate-Attention-In-Our-Distracted-World/index.{html} /read-it-later/How-To-Cultivate-Attention-In-Our-Distracted-World/
/permanent/philosophies-of-deep-work/index.{html} /permanent/philosophies-of-deep-work/
/permanent/Working-principle-of-a-Current-Mirror/index.{html} /permanent/Working-principle-of-a-Current-Mirror/
/permanent/Zettelkasten-example-workflow/index.{html} /permanent/Zettelkasten-example-workflow/
/projects/writing/long-form/What-is-Envelope-Tracking-in-a-Power-Amplifier/index.{html} /projects/writing/long-form/What-is-Envelope-Tracking-in-a-Power-Amplifier/
/read-it-later/The-Bottoms-Up-Approach-To-Writing-That-99-Guarantees-A-Successful-Article/index.{html} /read-it-later/The-Bottoms-Up-Approach-To-Writing-That-99-Guarantees-A-Successful-Article/
/Readwise/Books/Deep-Work/index.{html} /Readwise/Books/Deep-Work/
/Readwise/Tweets/Every-Writer-Has-a-Sligh.../index.{html} /Readwise/Tweets/Every-Writer-Has-a-Sligh.../
/permanent/creative-methods-of-Zhu-Da/index.{html} /permanent/creative-methods-of-Zhu-Da/
/permanent/the-best-way-to-learn-is-through-action/index.{html} /permanent/the-best-way-to-learn-is-through-action/
/permanent/why-city-life-makes-us-grumpy/index.{html} /permanent/why-city-life-makes-us-grumpy/
/projects/writing/long-form/Operating-principles-of-SAW-and-BAW-filters/index.{html} /projects/writing/long-form/Operating-principles-of-SAW-and-BAW-filters/
/projects/writing/long-form/The-case-for-having-device-modeling-team-in-a-fabless-company/index.{html} /projects/writing/long-form/The-case-for-having-device-modeling-team-in-a-fabless-company/
/Excalidraw/unilateralizing_network_example.excalidraw/index.{html} /Excalidraw/unilateralizing_network_example.excalidraw/
/Readwise/Articles/What-Is-RF-Amplifier-Envelope-Tracking-A-Primer/index.{html} /Readwise/Articles/What-Is-RF-Amplifier-Envelope-Tracking-A-Primer/
/Readwise/Tweets/Tweets-From-Sahil-Bloom/index.{html} /Readwise/Tweets/Tweets-From-Sahil-Bloom/
/permanent/Way-to-improve-settling-time-in-floating-body-LNAs/index.{html} /permanent/Way-to-improve-settling-time-in-floating-body-LNAs/
/Readwise/Tweets/The-Average-X-User-Makes.../index.{html} /Readwise/Tweets/The-Average-X-User-Makes.../
/blog/Yearly-Themes-2023/index.{html} /blog/Yearly-Themes-2023/
/blog/_podcasts/index.{html} /blog/_podcasts/
/permanent/-conditions-for-unilaterized-device-to-be-absolutely-stable/index.{html} /permanent/-conditions-for-unilaterized-device-to-be-absolutely-stable/
/permanent/being-driven-has-become-an-addiction/index.{html} /permanent/being-driven-has-become-an-addiction/
/projects/writing/long-form/What-is-a-Doherty-PA-and-how-does-it-work/index.{html} /projects/writing/long-form/What-is-a-Doherty-PA-and-how-does-it-work/
/writing/short-form/loudest-voice-in-the-room/index.{html} /writing/short-form/loudest-voice-in-the-room/
/Readwise/Books/The-Psychology-of-Money/index.{html} /Readwise/Books/The-Psychology-of-Money/
/permanent/developing-ideas-from-your-note-system/index.{html} /permanent/developing-ideas-from-your-note-system/
/projects/writing/long-form/Manuel-Blum-Tweet/index.{html} /projects/writing/long-form/Manuel-Blum-Tweet/
/Readwise/Tweets/Tweets-From-Ryan-Holiday/index.{html} /Readwise/Tweets/Tweets-From-Ryan-Holiday/
/Readwise/Tweets/You-Feel-Helpless-Becaus.../index.{html} /Readwise/Tweets/You-Feel-Helpless-Becaus.../
/permanent/Glycolysis-in-the-absence-of-oxygen/index.{html} /permanent/Glycolysis-in-the-absence-of-oxygen/
/permanent/the-locksmiths-paradox/index.{html} /permanent/the-locksmiths-paradox/
/literature/B-Tsividis-1987-Ch1/index.{html} /literature/B-Tsividis-1987-Ch1/
/Excalidraw/embedding_2port_network.excalidraw/index.{html} /Excalidraw/embedding_2port_network.excalidraw/
/Readwise/Articles/ET-Comes-of-Age-Envelope-Tracking-for-Higher-Efficiency-Power-Amplifiers/index.{html} /Readwise/Articles/ET-Comes-of-Age-Envelope-Tracking-for-Higher-Efficiency-Power-Amplifiers/
/permanent/The-Barbell-Method-of-Reading/index.{html} /permanent/The-Barbell-Method-of-Reading/
/projects/writing/long-form/Understanding-8-term-and-12-term-error-models-in-a-VNA/index.{html} /projects/writing/long-form/Understanding-8-term-and-12-term-error-models-in-a-VNA/
/read-it-later/An-Academic-Workflow-Zotero-Obsidian-by-Alexandra-Phelan-Medium/index.{html} /read-it-later/An-Academic-Workflow-Zotero-Obsidian-by-Alexandra-Phelan-Medium/
/read-it-later/Epigenetics-How-To-Create-Generational-Health/index.{html} /read-it-later/Epigenetics-How-To-Create-Generational-Health/
/permanent/Admin-login-into-Overseerr-fails-authentication-due-to-incorrect-Plex-ID/index.{html} /permanent/Admin-login-into-Overseerr-fails-authentication-due-to-incorrect-Plex-ID/
/permanent/impact-of-cgd-on-transit-frequency/index.{html} /permanent/impact-of-cgd-on-transit-frequency/
/permanent/treating-music-composition-as-a-routine-chore/index.{html} /permanent/treating-music-composition-as-a-routine-chore/
/permanent/what-it-means-to-get-rest/index.{html} /permanent/what-it-means-to-get-rest/
/blog/My-daily-routine-in-2023/index.{html} /blog/My-daily-routine-in-2023/
/literature/B-Ahrens-2017/index.{html} /literature/B-Ahrens-2017/
/literature/C-Pytorch-Day1/index.{html} /literature/C-Pytorch-Day1/
/projects/rfic-blog/Git-for-RFIC-Engineers/index.{html} /projects/rfic-blog/Git-for-RFIC-Engineers/
/_wip/index.{html} /_wip/
/literature/A-How-Food-Powers-Your-Body-2022/index.{html} /literature/A-How-Food-Powers-Your-Body-2022/
/literature/B-Burkeman-2021/index.{html} /literature/B-Burkeman-2021/
/permanent/Survivorship-bias-in-airplane-bullet-holes/index.{html} /permanent/Survivorship-bias-in-airplane-bullet-holes/
/Readwise/Tweets/Tweets-From-Ryan-Peterman/index.{html} /Readwise/Tweets/Tweets-From-Ryan-Peterman/
/Readwise/Tweets/Tweets-From-Tyler-Stalman/index.{html} /Readwise/Tweets/Tweets-From-Tyler-Stalman/
/literature/A-Zettelkasten-examples-to-get-started/index.{html} /literature/A-Zettelkasten-examples-to-get-started/
/permanent/Attention-span-in-the-workplace/index.{html} /permanent/Attention-span-in-the-workplace/
/permanent/How-to-write-catchy-linkedin-hooks/index.{html} /permanent/How-to-write-catchy-linkedin-hooks/
/permanent/deriving-expressions-for-transit-frequency-of-a-MOSFET/index.{html} /permanent/deriving-expressions-for-transit-frequency-of-a-MOSFET/
/permanent/ways-to-improve-learning-retention-and-understanding-while-reading/index.{html} /permanent/ways-to-improve-learning-retention-and-understanding-while-reading/
/literature/Building-Your-Brand-How-I-Reached-10k-Subscribers-in-6-Months/index.{html} /literature/Building-Your-Brand-How-I-Reached-10k-Subscribers-in-6-Months/
/permanent/Untitled/index.{html} /permanent/Untitled/
/permanent/busyness-as-a-proxy-for-productivity-and-prestige/index.{html} /permanent/busyness-as-a-proxy-for-productivity-and-prestige/
/Readwise/Articles/Inside-Views-Impostor-Syndrome-and-the-Great-LARP/index.{html} /Readwise/Articles/Inside-Views-Impostor-Syndrome-and-the-Great-LARP/
/permanent/III-V-Device-Physics-and-Modeling/index.{html} /permanent/III-V-Device-Physics-and-Modeling/
/permanent/reduced-conduction-angle-output-current-derivation/index.{html} /permanent/reduced-conduction-angle-output-current-derivation/
/projects/writing/long-form/Fundamentals-of-Phased-Array-Antennas/index.{html} /projects/writing/long-form/Fundamentals-of-Phased-Array-Antennas/
/projects/writing/long-form/Understanding-device-mismatch/index.{html} /projects/writing/long-form/Understanding-device-mismatch/
/Readwise/Articles/9-Lessons-for-Life-the-90-Rule-More/index.{html} /Readwise/Articles/9-Lessons-for-Life-the-90-Rule-More/
/Readwise/Articles/The-simplest-way-to-attract-your-first-2000+-followers/index.{html} /Readwise/Articles/The-simplest-way-to-attract-your-first-2000+-followers/
/Readwise/Tweets/A-Monthly-Ritual-That-Ch.../index.{html} /Readwise/Tweets/A-Monthly-Ritual-That-Ch.../
/projects/writing/long-form/What-makes-SOI-so-great-for-RF-switches/index.{html} /projects/writing/long-form/What-makes-SOI-so-great-for-RF-switches/
/read-it-later/How-Food-Powers-Your-Body/index.{html} /read-it-later/How-Food-Powers-Your-Body/
/permanent/EEHEMT-Model-Parameters-and-what-they-do/index.{html} /permanent/EEHEMT-Model-Parameters-and-what-they-do/
/projects/writing/long-form/1_TOC/index.{html} /projects/writing/long-form/1_TOC/
/projects/writing/long-form/Navigating-Smith-Charts-like-a-Pro/index.{html} /projects/writing/long-form/Navigating-Smith-Charts-like-a-Pro/
/read-it-later/Get-Numb-Before-You-Get-Good/index.{html} /read-it-later/Get-Numb-Before-You-Get-Good/
/Readwise/Articles/How-Learning-Happens/index.{html} /Readwise/Articles/How-Learning-Happens/
/Readwise/Articles/How-to-Build-Your-Personal-Braintrust/index.{html} /Readwise/Articles/How-to-Build-Your-Personal-Braintrust/
/Readwise/Articles/How-to-Play-the-Creator-Game-%23240/index.{html} /Readwise/Articles/How-to-Play-the-Creator-Game-%23240/
/projects/writing/long-form/3-common-ways-to-improve-amplifier-linearity/index.{html} /projects/writing/long-form/3-common-ways-to-improve-amplifier-linearity/
/Readwise/Books/The-Comfort-Crisis/index.{html} /Readwise/Books/The-Comfort-Crisis/
/Readwise/Tweets/Tweets-From-Erwan-Lier/index.{html} /Readwise/Tweets/Tweets-From-Erwan-Lier/
/permanent/The-Story-of-Sidney-Frank/index.{html} /permanent/The-Story-of-Sidney-Frank/
/Readwise/Books/The-Obstacle-Is-the-Way/index.{html} /Readwise/Books/The-Obstacle-Is-the-Way/
/Readwise/Tweets/Tweets-From-Alex-Lieberman-%EF%B8%8F/index.{html} /Readwise/Tweets/Tweets-From-Alex-Lieberman-%EF%B8%8F/
/Readwise/Tweets/Tweets-From-Shaan-Puri/index.{html} /Readwise/Tweets/Tweets-From-Shaan-Puri/
/blog/2022-in-Review/index.{html} /blog/2022-in-Review/
/permanent/Glycolysis-is-the-breaking-down-of-a-glucose-molecule/index.{html} /permanent/Glycolysis-is-the-breaking-down-of-a-glucose-molecule/
/permanent/amplifier-output-matching-for-specified-power/index.{html} /permanent/amplifier-output-matching-for-specified-power/
/projects/youtube/Optimizing-amount-of-work-time/index.{html} /projects/youtube/Optimizing-amount-of-work-time/
/Readwise/Books/Building-a-Second-Brain/index.{html} /Readwise/Books/Building-a-Second-Brain/
/Readwise/Tweets/Tweets-From-Justin-Welsh/index.{html} /Readwise/Tweets/Tweets-From-Justin-Welsh/
/Readwise/Tweets/Tweets-from-Nicolas-Cole/index.{html} /Readwise/Tweets/Tweets-from-Nicolas-Cole/
/literature/C-Deep-Learning-with-PyTorch/index.{html} /literature/C-Deep-Learning-with-PyTorch/
/permanent/Mechanism-of-generation-of-ATP-by-mitochondria/index.{html} /permanent/Mechanism-of-generation-of-ATP-by-mitochondria/
/permanent/Running-Transient-AC-Analysis/index.{html} /permanent/Running-Transient-AC-Analysis/
/permanent/facing-our-limits-and-finitude/index.{html} /permanent/facing-our-limits-and-finitude/
/Readwise/Articles/I-studied-the-writing-routine-of-500-legendary-writers/index.{html} /Readwise/Articles/I-studied-the-writing-routine-of-500-legendary-writers/
/Readwise/Tweets/Yesterday-My-Little-One.../index.{html} /Readwise/Tweets/Yesterday-My-Little-One.../
/permanent/instrumentalizing-time-as-a-resource/index.{html} /permanent/instrumentalizing-time-as-a-resource/
/permanent/work-strategies-for-successful-writing/index.{html} /permanent/work-strategies-for-successful-writing/
/permanent/Sheon-Han/index.{html} /permanent/Sheon-Han/
/permanent/class-A-linear-amplifier/index.{html} /permanent/class-A-linear-amplifier/
/permanent/overcoming-fundamental-attribution-error/index.{html} /permanent/overcoming-fundamental-attribution-error/
/read-it-later/2023-03-29-Create-for-Just-One-Hour-Each-Day/index.{html} /read-it-later/2023-03-29-Create-for-Just-One-Hour-Each-Day/
/Readwise/Books/How-Will-You-Measure-Your-Life/index.{html} /Readwise/Books/How-Will-You-Measure-Your-Life/
/permanent/unilateral-device/index.{html} /permanent/unilateral-device/
/projects/writing/long-form/Overview-of-Common-On-wafer-Calibration-Methods/index.{html} /projects/writing/long-form/Overview-of-Common-On-wafer-Calibration-Methods/
/permanent/creating-an-effective-writing-habit/index.{html} /permanent/creating-an-effective-writing-habit/
/Readwise/Articles/Sloww-Sunday-Aret%C3%A9-Determined-Enlightenment-More/index.{html} /Readwise/Articles/Sloww-Sunday-Aret%C3%A9-Determined-Enlightenment-More/
/Readwise/Articles/-SBF-Guilty/index.{html} /Readwise/Articles/-SBF-Guilty/
/Readwise/Books/The-Third-Door/index.{html} /Readwise/Books/The-Third-Door/
/Readwise/Tweets/Tweets-From-Catalin-Pit-%EF%B8%8F/index.{html} /Readwise/Tweets/Tweets-From-Catalin-Pit-%EF%B8%8F/
/literature/C-Pytorch-Day2/index.{html} /literature/C-Pytorch-Day2/
/permanent/Current-Mirror/index.{html} /permanent/Current-Mirror/
/permanent/Good-workflow-design/index.{html} /permanent/Good-workflow-design/
/projects/youtube/Choosing-funds-in-a-401k/index.{html} /projects/youtube/Choosing-funds-in-a-401k/
/read-it-later/2023-07-03-Your-Guide-To-Baseline-Optimization-by-BowTiedOx/index.{html} /read-it-later/2023-07-03-Your-Guide-To-Baseline-Optimization-by-BowTiedOx/
/zotero/munteanuModelingDrainCurrent2002/index.{html} /zotero/munteanuModelingDrainCurrent2002/
/Readwise/Books/Die-With-Zero/index.{html} /Readwise/Books/Die-With-Zero/
/Readwise/Tweets/Tweets-From-Danzn1/index.{html} /Readwise/Tweets/Tweets-From-Danzn1/
/permanent/Running-ICCAP-simulation-with-ADS-PDK/index.{html} /permanent/Running-ICCAP-simulation-with-ADS-PDK/
/permanent/improving-your-opportunities-for-luck/index.{html} /permanent/improving-your-opportunities-for-luck/
/Readwise/Tweets/Tweets-From-Matt-McGarry/index.{html} /Readwise/Tweets/Tweets-From-Matt-McGarry/
/Readwise/Tweets/Tweets-From-Yan-Holtz/index.{html} /Readwise/Tweets/Tweets-From-Yan-Holtz/
/permanent/time-spent-with-people-in-our-lifetime/index.{html} /permanent/time-spent-with-people-in-our-lifetime/
/Readwise/Tweets/Tweets-From-Sachin-Ramje/index.{html} /Readwise/Tweets/Tweets-From-Sachin-Ramje/
/blog/_now/index.{html} /blog/_now/
/permanent/The-importance-of-writing-for-learning-understanding-thinking-and-retention/index.{html} /permanent/The-importance-of-writing-for-learning-understanding-thinking-and-retention/
/permanent/-A-Simple-Format-To-Distil-What-You-Learn/index.{html} /permanent/-A-Simple-Format-To-Distil-What-You-Learn/
/permanent/learning-and-teaching-in-public/index.{html} /permanent/learning-and-teaching-in-public/
/Readwise/Articles/The-Audience-Trust-Battery/index.{html} /Readwise/Articles/The-Audience-Trust-Battery/
/Readwise/Books/Starting-Strength/index.{html} /Readwise/Books/Starting-Strength/
/Readwise/Tweets/Tweets-From-%E1%B4%85%E1%B4%80%E1%B4%A0%C9%AA%E1%B4%85-%E1%B4%98%E1%B4%87%CA%80%E1%B4%87%CA%9F%CA%9F/index.{html} /Readwise/Tweets/Tweets-From-%E1%B4%85%E1%B4%80%E1%B4%A0%C9%AA%E1%B4%85-%E1%B4%98%E1%B4%87%CA%80%E1%B4%87%CA%9F%CA%9F/
/blog/_reading/index.{html} /blog/_reading/
/permanent/Conventional-writing-methods-are-flawed-right-from-the-start/index.{html} /permanent/Conventional-writing-methods-are-flawed-right-from-the-start/
/permanent/Hemingway-and-rewriting-drafts/index.{html} /permanent/Hemingway-and-rewriting-drafts/
/permanent/creativity-is-the-purest-form-of-self-acceptance/index.{html} /permanent/creativity-is-the-purest-form-of-self-acceptance/
/Readwise/Tweets/Today-My-Little-One-Per.../index.{html} /Readwise/Tweets/Today-My-Little-One-Per.../
/projects/writing/short-form/Untitled/index.{html} /projects/writing/short-form/Untitled/
/Readwise/Articles/Superlinear-Returns/index.{html} /Readwise/Articles/Superlinear-Returns/
/permanent/Using-a-current-mirror-to-create-multiple-copies-multiples-or-fractions-of-a-reference-current/index.{html} /permanent/Using-a-current-mirror-to-create-multiple-copies-multiples-or-fractions-of-a-reference-current/
/projects/podcast/four-thousand-weeks-book-discussion/index.{html} /projects/podcast/four-thousand-weeks-book-discussion/
/projects/writing/long-form/Feynman-and-his-thinking-on-paper/index.{html} /projects/writing/long-form/Feynman-and-his-thinking-on-paper/
/projects/youtube/Investment-misconceptions-v2/index.{html} /projects/youtube/Investment-misconceptions-v2/
/projects/youtube/Investment-misconceptions/index.{html} /projects/youtube/Investment-misconceptions/
/read-it-later/2023-03-31-Luck-Surface-Area-After-Action-Reviews-More-The-Curiosity-Chronicle/index.{html} /read-it-later/2023-03-31-Luck-Surface-Area-After-Action-Reviews-More-The-Curiosity-Chronicle/
/Readwise/Tweets/Tweets-From-James-Clear/index.{html} /Readwise/Tweets/Tweets-From-James-Clear/
/permanent/three-factors-for-a-successful-podcast/index.{html} /permanent/three-factors-for-a-successful-podcast/
/permanent/emphasize-work-gestures-to-increase-their-importance/index.{html} /permanent/emphasize-work-gestures-to-increase-their-importance/
/Readwise/Books/Cant-Hurt-Me/index.{html} /Readwise/Books/Cant-Hurt-Me/
/literature/A-Turning-music-into-a-chore-is-how-I-became-a-musician/index.{html} /literature/A-Turning-music-into-a-chore-is-how-I-became-a-musician/
/permanent/Buckminster-Fullers-commonplace-book-is-the-most-documented-human-life-in-history/index.{html} /permanent/Buckminster-Fullers-commonplace-book-is-the-most-documented-human-life-in-history/
/permanent/Electrical-Engineering/index.{html} /permanent/Electrical-Engineering/
/permanent/Fundamental-Attribution-Error/index.{html} /permanent/Fundamental-Attribution-Error/
/permanent/Need-for-Current-Mirrors-in-Microelectronics/index.{html} /permanent/Need-for-Current-Mirrors-in-Microelectronics/
/permanent/Value-of-an-idea-depends-on-its-context/index.{html} /permanent/Value-of-an-idea-depends-on-its-context/
/projects/youtube/Ways-to-swap-money-for-time/index.{html} /projects/youtube/Ways-to-swap-money-for-time/
/read-it-later/Using-a-work-journal-to-create-design-case-studies-Tanner-Christensens-blog/index.{html} /read-it-later/Using-a-work-journal-to-create-design-case-studies-Tanner-Christensens-blog/
/Excalidraw/Zsmith.excalidraw/index.{html} /Excalidraw/Zsmith.excalidraw/
/projects/writing/long-form/Amplifier-Terminology-Demystified/index.{html} /projects/writing/long-form/Amplifier-Terminology-Demystified/
/permanent/after-action-review/index.{html} /permanent/after-action-review/
/Readwise/Books/Give-and-Take/index.{html} /Readwise/Books/Give-and-Take/
/Readwise/Tweets/Digital-Writing-101You.../index.{html} /Readwise/Tweets/Digital-Writing-101You.../
/Readwise/Tweets/Tweets-From-Alex-Hormozi/index.{html} /Readwise/Tweets/Tweets-From-Alex-Hormozi/
/Readwise/Tweets/Tweets-From-Sam-Parr-%EF%B8%8F/index.{html} /Readwise/Tweets/Tweets-From-Sam-Parr-%EF%B8%8F/
/literature/Why-Engineers-Need-to-Write/index.{html} /literature/Why-Engineers-Need-to-Write/
/permanent/The-Warburg-Effect-is-a-phenomenon-where-cancerous-cells-behave-as-if-they-are-in-a-metabolic-emergency/index.{html} /permanent/The-Warburg-Effect-is-a-phenomenon-where-cancerous-cells-behave-as-if-they-are-in-a-metabolic-emergency/
/permanent/Untitled-1/index.{html} /permanent/Untitled-1/
/permanent/developing-the-art-of-creative-neglect/index.{html} /permanent/developing-the-art-of-creative-neglect/
/projects/writing/long-form/Essential-guide-to-on-chip-spiral-inductors/index.{html} /projects/writing/long-form/Essential-guide-to-on-chip-spiral-inductors/
/read-it-later/2023-03-29-Creativity-Starts-Before-Anything-Is-Made/index.{html} /read-it-later/2023-03-29-Creativity-Starts-Before-Anything-Is-Made/
/Readwise/Tweets/How-to-Generate-100-Idea.../index.{html} /Readwise/Tweets/How-to-Generate-100-Idea.../
/permanent/How-to-create-your-niche-of-one/index.{html} /permanent/How-to-create-your-niche-of-one/
/projects/writing/long-form/How-to-debug-stability-issues-in-an-Amplifier/index.{html} /projects/writing/long-form/How-to-debug-stability-issues-in-an-Amplifier/
/projects/youtube//index.{html} /projects/youtube//
/Readwise/Books/Sapiens/index.{html} /Readwise/Books/Sapiens/
/Readwise/Tweets/Tweets-From-Kyle-Adams/index.{html} /Readwise/Tweets/Tweets-From-Kyle-Adams/
/permanent/Interpretation-of-Masons-Invariant-U-as-a-Gain-Maximum/index.{html} /permanent/Interpretation-of-Masons-Invariant-U-as-a-Gain-Maximum/
/Readwise/Tweets/It-Took-Me-4-Years-to-Wr.../index.{html} /Readwise/Tweets/It-Took-Me-4-Years-to-Wr.../
/permanent/issue-of-reflections-in-a-power-matched-amplifier/index.{html} /permanent/issue-of-reflections-in-a-power-matched-amplifier/
/permanent/shallow-work/index.{html} /permanent/shallow-work/
/Readwise/Articles/I-often-think-of-the-below-story-introduced-to-me.../index.{html} /Readwise/Articles/I-often-think-of-the-below-story-introduced-to-me.../
/permanent/metric-black-hole/index.{html} /permanent/metric-black-hole/
/Readwise/Books/The-Art-and-Business-of-Online-Writing/index.{html} /Readwise/Books/The-Art-and-Business-of-Online-Writing/
/Readwise/Tweets/Everyone-Should-Have-a-S.../index.{html} /Readwise/Tweets/Everyone-Should-Have-a-S.../
/Readwise/Tweets/Tweets-From-Tim-Ferriss/index.{html} /Readwise/Tweets/Tweets-From-Tim-Ferriss/
/permanent/mindset-of-a-creative-person-alternates-between-playful-and-narrow-focus-modes/index.{html} /permanent/mindset-of-a-creative-person-alternates-between-playful-and-narrow-focus-modes/
/permanent/networking-by-providing-value-and-support/index.{html} /permanent/networking-by-providing-value-and-support/
/read-it-later/2023-03-21-The-Barbell-Method-of-Reading-Zettelkasten-Method/index.{html} /read-it-later/2023-03-21-The-Barbell-Method-of-Reading-Zettelkasten-Method/
/Readwise/Books/How-to-Take-Smart-Notes/index.{html} /Readwise/Books/How-to-Take-Smart-Notes/
/permanent/Thevenin-voltage-as-a-figure-of-merit-for-current-source-performance/index.{html} /permanent/Thevenin-voltage-as-a-figure-of-merit-for-current-source-performance/
/permanent/create-a-pre-work-ritual/index.{html} /permanent/create-a-pre-work-ritual/
/Readwise/Tweets/Tweets-From-Pat-Walls/index.{html} /Readwise/Tweets/Tweets-From-Pat-Walls/
/literature/A-How-This-Turing-Awardwinning-Researcher-Became-a-Legendary-Academic-Advisor/index.{html} /literature/A-How-This-Turing-Awardwinning-Researcher-Became-a-Legendary-Academic-Advisor/
/literature/B-Meyer-1976-Ch4/index.{html} /literature/B-Meyer-1976-Ch4/
/Readwise/Articles/The-Looking-Glass-So-You-Want-to-Write-Better/index.{html} /Readwise/Articles/The-Looking-Glass-So-You-Want-to-Write-Better/
/Readwise/Tweets/Why-You-Should-Consider.../index.{html} /Readwise/Tweets/Why-You-Should-Consider.../
/permanent/deep-work/index.{html} /permanent/deep-work/
/projects/podcast/Strategies-for-Workplace-Survival/index.{html} /projects/podcast/Strategies-for-Workplace-Survival/
/literature/A-Why-City-Life-Makes-Us-Grumpy-by-Robin-Waldun/index.{html} /literature/A-Why-City-Life-Makes-Us-Grumpy-by-Robin-Waldun/
/permanent/Role-of-willpower-in-doing-work/index.{html} /permanent/Role-of-willpower-in-doing-work/
/permanent/Setting-up-Borgmatic-for-backups/index.{html} /permanent/Setting-up-Borgmatic-for-backups/
/permanent/lower-bound-on-time-to-get-a-task-done/index.{html} /permanent/lower-bound-on-time-to-get-a-task-done/
/permanent/stick-with-it-long-enough-for-originality-to-emerge/index.{html} /permanent/stick-with-it-long-enough-for-originality-to-emerge/
/permanent/types-of-writing/index.{html} /permanent/types-of-writing/
/projects/youtube/Investment-accounts/index.{html} /projects/youtube/Investment-accounts/
/Readwise/Tweets/Tweets-From-Daniel-Berk/index.{html} /Readwise/Tweets/Tweets-From-Daniel-Berk/
/literature/B-Newport-DeepWork/index.{html} /literature/B-Newport-DeepWork/
/permanent/Productivity/index.{html} /permanent/Productivity/
/permanent/The-Bottoms-Up-Approach-To-Writing-That-99-Guarantees-A-Successful-Article/index.{html} /permanent/The-Bottoms-Up-Approach-To-Writing-That-99-Guarantees-A-Successful-Article/
/permanent/get-numb-before-you-get-good/index.{html} /permanent/get-numb-before-you-get-good/
/read-it-later/2023-09-02-My-4-Step-Process-To-Retain-What-Ive-Read/index.{html} /read-it-later/2023-09-02-My-4-Step-Process-To-Retain-What-Ive-Read/
/Readwise/Tweets/I-Studied-the-Writing-Ro.../index.{html} /Readwise/Tweets/I-Studied-the-Writing-Ro.../
/permanent/reasons-why-people-do-not-embrace-deep-work/index.{html} /permanent/reasons-why-people-do-not-embrace-deep-work/
/Readwise/Books/The-Creative-Act/index.{html} /Readwise/Books/The-Creative-Act/
/projects/writing/long-form/Solving-a-hard-problem/index.{html} /projects/writing/long-form/Solving-a-hard-problem/
/projects/writing/short-form/1_TOC/index.{html} /projects/writing/short-form/1_TOC/
/read-it-later/2023-03-04-Using-a-work-journal-to-create-design-case-studies-Tanner-Christensens-blog/index.{html} /read-it-later/2023-03-04-Using-a-work-journal-to-create-design-case-studies-Tanner-Christensens-blog/
/Readwise/Books/Million-Dollar-Consulting/index.{html} /Readwise/Books/Million-Dollar-Consulting/
/blog/_allblog/index.{html} /blog/_allblog/
/blog/_allpodcast/index.{html} /blog/_allpodcast/
/permanent/Common-pitfalls-in-note-taking-methods/index.{html} /permanent/Common-pitfalls-in-note-taking-methods/
/permanent/Improved-current-source-with-low-gain-bipolar-devices/index.{html} /permanent/Improved-current-source-with-low-gain-bipolar-devices/
/read-it-later/2023-03-04-The-Bottoms-Up-Approach-To-Writing-That-99-Guarantees-A-Successful-Article/index.{html} /read-it-later/2023-03-04-The-Bottoms-Up-Approach-To-Writing-That-99-Guarantees-A-Successful-Article/
/Readwise/Articles/Frequency-Illusion/index.{html} /Readwise/Articles/Frequency-Illusion/
/Readwise/Books/Know-Me-Keep-Me/index.{html} /Readwise/Books/Know-Me-Keep-Me/
/Readwise/Books/The-Pathless-Path/index.{html} /Readwise/Books/The-Pathless-Path/
/Readwise/Books/Working-Days/index.{html} /Readwise/Books/Working-Days/
/Readwise/Tweets/I-Often-Think-of-the-Bel.../index.{html} /Readwise/Tweets/I-Often-Think-of-the-Bel.../
/projects/writing/long-form/Understanding-Classes-of-Amplifier-Operation/index.{html} /projects/writing/long-form/Understanding-Classes-of-Amplifier-Operation/
/Readwise/Books/Outlive/index.{html} /Readwise/Books/Outlive/
/permanent/Glucose-is-the-fundamental-means-of-transporting-energy-to-various-parts-of-the-body/index.{html} /permanent/Glucose-is-the-fundamental-means-of-transporting-energy-to-various-parts-of-the-body/
/permanent/Impact-of-finite-output-resistance-on-the-working-of-a-current-mirror/index.{html} /permanent/Impact-of-finite-output-resistance-on-the-working-of-a-current-mirror/
/permanent/Mitochondria-and-their-structure/index.{html} /permanent/Mitochondria-and-their-structure/
/permanent/Using-a-work-journal-to-create-design-case-studies/index.{html} /permanent/Using-a-work-journal-to-create-design-case-studies/
/permanent/transit-frequency-basics/index.{html} /permanent/transit-frequency-basics/
/projects/writing/long-form/Common-amplifier-topologies-and-their-uses/index.{html} /projects/writing/long-form/Common-amplifier-topologies-and-their-uses/
/Readwise/Books/To-the-Future-Ben-Franklin/index.{html} /Readwise/Books/To-the-Future-Ben-Franklin/
/literature/B-Forte-2022/index.{html} /literature/B-Forte-2022/
/literature/B-razavi-microelec/index.{html} /literature/B-razavi-microelec/
/permanent/Pyrrhic-Victory/index.{html} /permanent/Pyrrhic-Victory/
/permanent/Using-the-zettelkasten-method-to-produce-written-work/index.{html} /permanent/Using-the-zettelkasten-method-to-produce-written-work/
/permanent/amplifier-output-power-with-reactive-loads/index.{html} /permanent/amplifier-output-power-with-reactive-loads/
/permanent/example-design-of-a-unilateralizing-network/index.{html} /permanent/example-design-of-a-unilateralizing-network/
